nro_socio,nombre_socio,sexo,estado_civil,fech_nacimiento,ingresos_socio,egresos_socio,nivel_educa,tipo_vivien,nro_carga_fam,tipo_vivien_orig,ciudad_orig,nro_credito
2000000,Mateo Torres Vera,M,C,1996-04-22,6133.23,2025.02,S,PROPIA,5,FAMILIAR,Loja,1
2000001,Carlos Vera Ponce,M,V,1996-09-28,2725.22,1243.27,U,ARRENDADA,3,HIPOTECADA,Portoviejo,1
2000002,Paola Ponce Zambrano,F,C,1994-03-12,5461.52,2412.64,T,ARRENDADA,3,ARRENDADA,Portoviejo,1
2000003,Miguel Moreira Torres,M,S,1994-09-14,2515.58,733.90,T,FAMILIAR,0,ARRENDADA,Machala,1
2000004,Maria Zambrano Torres,F,D,1980-07-24,2223.30,559.45,P,HIPOTECADA,5,PROPIA,Portoviejo,1
2000005,Paola Ponce Lopez,F,V,1961-03-06,4946.50,2335.25,N,FAMILIAR,2,HIPOTECADA,Guayaquil,1
2000006,Diego Moreira Lopez,M,V,1995-10-14,3217.74,1458.14,P,HIPOTECADA,1,PROPIA,Manta,1
2000007,Mateo Torres Vera,M,S,1955-06-20,2989.78,903.26,U,HIPOTECADA,4,PROPIA,Manta,1
2000008,Camila Mendoza Zambrano,F,C,1988-11-02,2679.36,1252.26,U,ARRENDADA,3,FAMILIAR,Machala,1
2000009,Miguel Lopez Mendoza,M,U,1990-06-06,4470.53,1397.44,S,FAMILIAR,4,PROPIA,Portoviejo,1
2000010,Oscar Vera Cedeño,M,S,1966-09-14,4971.07,2040.01,P,PROPIA,4,HIPOTECADA,Quito,1
2000011,Jorge Lopez Zambrano,M,U,1974-11-28,2674.73,658.61,P,ARRENDADA,5,HIPOTECADA,Manta,1
2000012,Jorge Lopez Lopez,M,V,1996-04-08,2256.16,1049.01,S,FAMILIAR,1,PROPIA,Machala,1
2000013,Oscar Torres Vera,M,S,1972-01-21,5019.49,1729.04,T,ARRENDADA,0,FAMILIAR,Manta,1
2000014,Luis Vera Moreira,M,D,1956-10-09,2878.69,873.97,P,HIPOTECADA,4,PROPIA,Cuenca,1
2000015,Maria Cedeño Torres,F,U,1980-08-02,2332.85,864.49,N,FAMILIAR,3,PROPIA,Loja,1
2000016,Luis Mendoza Torres,M,U,1987-09-09,5434.09,1968.36,P,ARRENDADA,0,FAMILIAR,Ambato,1
2000017,Lucia Cedeño Ponce,F,S,1979-03-21,3797.21,1726.83,P,FAMILIAR,4,HIPOTECADA,Machala,1
2000018,Miguel Moreira Mendoza,M,U,1974-11-16,3267.42,724.31,T,FAMILIAR,5,HIPOTECADA,Guayaquil,1
2000019,Camila Vera Moreira,F,S,2003-04-05,5472.23,1306.26,N,PROPIA,2,HIPOTECADA,Machala,1
2000020,Ana Lopez Vera,F,C,2003-04-06,3489.84,1616.34,P,FAMILIAR,2,FAMILIAR,Cuenca,1
2000021,Camila Lopez Moreira,F,S,1996-09-18,4472.81,1358.01,N,HIPOTECADA,3,HIPOTECADA,Ambato,1
2000022,Diego Torres Cedeño,M,V,1999-11-04,3489.13,1395.50,P,HIPOTECADA,4,ARRENDADA,Loja,1
2000023,Andres Lopez Zambrano,M,V,1977-03-18,3606.21,995.90,S,HIPOTECADA,0,HIPOTECADA,Manta,1
2000024,Camila Mendoza Mendoza,F,U,1960-04-13,5454.99,1337.67,P,PROPIA,4,HIPOTECADA,Portoviejo,1
2000025,Luis Torres Mendoza,M,D,1970-06-20,3502.46,1660.57,S,HIPOTECADA,3,HIPOTECADA,Quito,1
2000026,Maria Moreira Vera,F,C,1995-06-26,2894.01,680.48,P,ARRENDADA,4,FAMILIAR,Ambato,1
2000027,Mateo Mendoza Torres,M,V,1992-04-09,6118.75,2045.87,S,ARRENDADA,3,HIPOTECADA,Loja,1
2000028,Sofia Zambrano Ponce,F,V,1994-07-09,3728.90,1706.55,T,ARRENDADA,0,FAMILIAR,Ambato,1
2000029,Sofia Ponce Moreira,F,D,1971-08-09,4468.55,1729.08,P,ARRENDADA,3,HIPOTECADA,Cuenca,1
2000030,Camila Moreira Ponce,F,S,1987-07-04,2916.11,1335.00,P,HIPOTECADA,2,HIPOTECADA,Quito,1
2000031,Paola Moreira Cedeño,F,C,1987-08-18,3242.12,859.95,P,ARRENDADA,2,PROPIA,Manta,1
2000032,Mateo Mendoza Lopez,M,D,1970-02-23,4549.16,1273.77,P,ARRENDADA,2,ARRENDADA,Loja,1
2000033,Ana Mendoza Moreira,F,V,2001-11-15,3953.65,1035.54,N,PROPIA,0,PROPIA,Manta,1
2000034,Sofia Moreira Lopez,F,D,1981-03-08,4914.19,1224.08,P,FAMILIAR,2,FAMILIAR,Loja,1
2000035,Diana Lopez Cedeño,F,S,1976-06-17,3964.71,1359.90,U,ARRENDADA,2,PROPIA,Quito,1
2000036,Sofia Cedeño Zambrano,F,S,1976-12-31,5926.76,2294.30,U,PROPIA,1,HIPOTECADA,Ambato,1
2000037,Luis Ponce Torres,M,C,2002-10-19,4998.07,1916.48,N,PROPIA,0,FAMILIAR,Quito,1
2000038,Jorge Vera Zambrano,M,C,2002-01-31,3590.26,981.65,S,PROPIA,2,HIPOTECADA,Portoviejo,1
2000039,Diego Moreira Torres,M,D,1970-08-03,6073.10,2731.81,N,ARRENDADA,4,FAMILIAR,Manta,1
2000040,Diego Vera Cedeño,M,U,1998-05-06,6003.91,2108.58,N,ARRENDADA,2,FAMILIAR,Cuenca,1
2000041,Gabriela Zambrano Vera,F,D,1992-10-12,3894.84,878.16,U,PROPIA,0,HIPOTECADA,Quito,1
2000042,Sofia Vera Mendoza,F,D,1982-06-15,4704.82,1633.46,U,HIPOTECADA,0,FAMILIAR,Machala,1
2000043,Maria Cedeño Cedeño,F,U,1966-03-19,2209.98,933.64,U,HIPOTECADA,4,ARRENDADA,Machala,1
2000044,Sofia Moreira Lopez,F,U,1972-09-02,3758.89,888.19,U,PROPIA,2,ARRENDADA,Guayaquil,1
2000045,Oscar Torres Zambrano,M,U,1968-01-20,5650.08,2632.57,P,HIPOTECADA,2,FAMILIAR,Ambato,1
2000046,Ana Mendoza Cedeño,F,C,1993-10-10,5925.88,1889.39,S,FAMILIAR,0,ARRENDADA,Machala,1
2000047,Jorge Mendoza Lopez,M,D,2002-03-19,3935.99,1195.76,U,PROPIA,3,FAMILIAR,Guayaquil,1
2000048,Gabriela Mendoza Cedeño,F,S,1978-12-02,5934.04,1947.26,P,PROPIA,0,FAMILIAR,Portoviejo,1
2000049,Jorge Moreira Lopez,M,S,1991-09-19,6087.56,2130.13,U,ARRENDADA,0,HIPOTECADA,Quito,1
2000050,Jorge Ponce Moreira,M,U,1996-07-15,2919.63,900.93,N,FAMILIAR,3,PROPIA,Manta,1
2000051,Gabriela Lopez Zambrano,F,S,1960-04-19,4667.11,1381.56,T,ARRENDADA,1,PROPIA,Loja,1
2000052,Jorge Mendoza Cedeño,M,C,1989-05-10,4971.68,1469.77,S,FAMILIAR,2,ARRENDADA,Guayaquil,1
2000053,Maria Torres Mendoza,F,S,1965-09-11,5122.42,2211.46,S,HIPOTECADA,5,ARRENDADA,Ambato,1
2000054,Andres Ponce Lopez,M,V,1993-11-11,2995.92,1176.03,N,PROPIA,4,ARRENDADA,Manta,1
2000055,Ana Ponce Vera,F,C,1974-02-09,3124.25,1066.86,N,PROPIA,3,ARRENDADA,Manta,1
2000056,Carlos Vera Ponce,M,V,1961-01-19,3939.67,1717.20,U,HIPOTECADA,2,HIPOTECADA,Machala,1
2000057,Luis Cedeño Mendoza,M,S,1957-02-27,5029.98,1476.95,S,ARRENDADA,2,HIPOTECADA,Quito,1
2000058,Ana Lopez Cedeño,F,S,1993-07-22,4737.21,2025.90,U,FAMILIAR,3,HIPOTECADA,Loja,1
2000059,Camila Moreira Cedeño,F,U,1991-09-13,4900.98,2055.36,N,PROPIA,2,FAMILIAR,Portoviejo,1
2000060,Andres Ponce Mendoza,M,U,1955-05-20,3023.66,1118.64,P,HIPOTECADA,1,HIPOTECADA,Cuenca,1
2000061,Carlos Cedeño Moreira,M,C,1973-04-26,5680.08,2358.66,P,FAMILIAR,5,HIPOTECADA,Quito,1
2000062,Gabriela Torres Vera,F,D,1955-05-17,2764.03,846.96,N,HIPOTECADA,4,ARRENDADA,Loja,1
2000063,Oscar Cedeño Cedeño,M,U,1975-01-29,3935.03,898.24,N,PROPIA,1,ARRENDADA,Machala,1
2000064,Diana Zambrano Zambrano,F,C,2002-02-05,4808.77,1626.73,N,PROPIA,1,ARRENDADA,Loja,1
2000065,Luis Moreira Zambrano,M,S,2000-02-19,4717.39,1438.89,S,HIPOTECADA,4,FAMILIAR,Manta,1
2000066,Jorge Zambrano Lopez,M,U,1962-11-12,3190.02,1409.50,T,HIPOTECADA,4,PROPIA,Machala,1
2000067,Miguel Ponce Cedeño,M,C,1957-12-28,2566.91,1092.48,S,ARRENDADA,4,ARRENDADA,Portoviejo,1
2000068,Diana Torres Zambrano,F,U,1975-11-11,3837.23,1625.67,S,FAMILIAR,0,ARRENDADA,Cuenca,1
2000069,Paola Zambrano Zambrano,F,C,1988-03-22,2910.46,927.77,N,FAMILIAR,3,HIPOTECADA,Manta,1
2000070,Maria Vera Torres,F,D,1961-03-20,5037.33,1758.65,T,FAMILIAR,2,ARRENDADA,Quito,1
2000071,Paola Vera Ponce,F,U,1964-02-28,2725.06,896.78,N,PROPIA,3,HIPOTECADA,Guayaquil,1
2000072,Camila Vera Cedeño,F,C,1988-02-03,4447.10,2019.58,P,PROPIA,0,ARRENDADA,Cuenca,1
2000073,Sofia Moreira Torres,F,D,1978-11-17,5602.68,2129.83,U,ARRENDADA,2,ARRENDADA,Manta,1
2000074,Diana Vera Torres,F,U,1978-06-10,2539.15,699.65,N,FAMILIAR,3,PROPIA,Portoviejo,1
2000075,Miguel Mendoza Moreira,M,D,1996-06-12,2281.26,816.38,S,HIPOTECADA,2,ARRENDADA,Machala,1
2000076,Gabriela Lopez Ponce,F,U,1955-11-28,6014.87,1676.41,P,ARRENDADA,3,ARRENDADA,Cuenca,1
2000077,Andres Ponce Zambrano,M,S,1964-05-11,5618.50,2159.81,T,FAMILIAR,5,FAMILIAR,Machala,1
2000078,Lucia Cedeño Cedeño,F,C,1964-02-28,4458.41,1513.80,T,FAMILIAR,0,FAMILIAR,Portoviejo,1
2000079,Lucia Moreira Mendoza,F,S,1955-02-17,4972.91,1693.99,P,FAMILIAR,5,PROPIA,Quito,1
2000080,Jorge Ponce Zambrano,M,D,1968-07-28,4048.42,940.06,T,ARRENDADA,1,PROPIA,Loja,1
2000081,Ana Zambrano Zambrano,F,U,2000-03-15,5503.76,2456.59,U,PROPIA,5,ARRENDADA,Guayaquil,1
2000082,Sofia Ponce Moreira,F,S,2001-10-18,5848.84,2308.35,P,PROPIA,1,PROPIA,Loja,1
2000083,Lucia Mendoza Lopez,F,U,1974-07-25,5985.76,2570.62,N,FAMILIAR,2,FAMILIAR,Loja,1
2000084,Lucia Lopez Cedeño,F,S,1958-01-13,4552.95,1330.59,U,HIPOTECADA,3,PROPIA,Machala,1
2000085,Oscar Lopez Lopez,M,S,1986-08-04,3810.59,1257.80,P,FAMILIAR,3,HIPOTECADA,Ambato,1
2000086,Miguel Torres Lopez,M,V,1998-12-19,3398.79,1287.72,N,HIPOTECADA,4,HIPOTECADA,Cuenca,1
2000087,Miguel Torres Zambrano,M,V,1966-03-05,5038.24,2417.80,P,ARRENDADA,1,FAMILIAR,Cuenca,1
2000088,Ana Cedeño Ponce,F,U,1981-09-22,4520.45,2000.83,P,PROPIA,2,ARRENDADA,Cuenca,1
2000089,Oscar Lopez Mendoza,M,U,1968-03-15,2924.60,1365.60,P,PROPIA,0,ARRENDADA,Ambato,1
2000090,Diana Vera Mendoza,F,D,1966-12-31,3285.65,1303.13,S,ARRENDADA,4,PROPIA,Manta,1
2000091,Andres Ponce Cedeño,M,V,1997-11-21,5202.54,1748.88,U,ARRENDADA,4,ARRENDADA,Manta,1
2000092,Jorge Torres Zambrano,M,S,1976-09-07,5534.10,1313.90,U,ARRENDADA,0,FAMILIAR,Portoviejo,1
2000093,Jorge Cedeño Vera,M,U,1995-08-05,4991.90,1613.92,S,ARRENDADA,5,ARRENDADA,Cuenca,1
2000094,Mateo Lopez Lopez,M,D,1976-03-10,4918.57,1803.78,P,ARRENDADA,2,HIPOTECADA,Manta,1
2000095,Lucia Vera Mendoza,F,D,1981-09-02,5938.50,1642.41,N,FAMILIAR,1,FAMILIAR,Ambato,1
2000096,Maria Moreira Vera,F,S,1987-06-09,5674.15,1859.25,S,ARRENDADA,4,ARRENDADA,Quito,1
2000097,Andres Moreira Ponce,M,D,1976-05-10,2374.67,780.24,N,ARRENDADA,2,PROPIA,Machala,1
2000098,Maria Moreira Lopez,F,V,1960-12-21,5700.76,2684.89,N,ARRENDADA,0,HIPOTECADA,Manta,1
2000099,Diego Lopez Moreira,M,D,1962-10-16,4997.31,2324.24,U,FAMILIAR,2,ARRENDADA,Machala,1
2000100,Oscar Zambrano Moreira,M,U,1961-04-15,4652.61,2110.17,P,HIPOTECADA,3,HIPOTECADA,Manta,1
2000101,Jorge Vera Ponce,M,C,2003-07-11,3858.75,937.11,S,HIPOTECADA,4,FAMILIAR,Portoviejo,1
2000102,Diego Lopez Vera,M,U,1958-01-26,5647.85,1879.63,U,PROPIA,0,HIPOTECADA,Machala,1
2000103,Ana Moreira Ponce,F,D,1994-12-07,4639.52,1091.97,T,HIPOTECADA,4,ARRENDADA,Manta,1
2000104,Paola Vera Cedeño,F,S,1970-10-24,2864.98,804.86,P,ARRENDADA,1,PROPIA,Quito,1
2000105,Diego Vera Zambrano,M,V,1987-07-23,4028.46,1096.63,N,HIPOTECADA,5,HIPOTECADA,Quito,1
2000106,Mateo Mendoza Zambrano,M,C,1986-03-05,2225.79,829.92,N,HIPOTECADA,0,FAMILIAR,Portoviejo,1
2000107,Carlos Cedeño Moreira,M,S,1978-02-19,5314.81,1639.01,P,ARRENDADA,3,ARRENDADA,Loja,1
2000108,Ana Zambrano Ponce,F,U,1986-10-03,4083.77,1539.50,T,ARRENDADA,5,FAMILIAR,Ambato,1
2000109,Camila Torres Lopez,F,C,1980-09-30,2493.68,822.56,S,FAMILIAR,5,PROPIA,Guayaquil,1
2000110,Lucia Torres Torres,F,C,1993-09-08,2924.99,674.45,T,HIPOTECADA,1,FAMILIAR,Loja,1
2000111,Jorge Lopez Torres,M,D,1975-07-12,5359.08,1312.45,N,PROPIA,3,FAMILIAR,Loja,1
2000112,Mateo Ponce Ponce,M,U,1963-11-02,5676.44,2157.76,P,HIPOTECADA,5,FAMILIAR,Quito,1
2000113,Jorge Ponce Zambrano,M,C,1985-05-15,5435.32,2567.91,P,FAMILIAR,5,HIPOTECADA,Portoviejo,1
2000114,Gabriela Torres Ponce,F,S,1992-12-16,4827.37,1837.58,N,PROPIA,0,ARRENDADA,Loja,1
2000115,Diana Torres Mendoza,F,U,1985-06-28,4521.50,1475.70,U,FAMILIAR,3,FAMILIAR,Manta,1
2000116,Lucia Lopez Ponce,F,C,1978-04-07,4018.88,1024.31,N,FAMILIAR,5,PROPIA,Guayaquil,1
2000117,Diego Moreira Moreira,M,C,1987-03-20,3316.05,914.70,U,HIPOTECADA,3,ARRENDADA,Loja,1
2000118,Carlos Vera Lopez,M,D,1955-12-15,2542.51,729.43,S,HIPOTECADA,5,HIPOTECADA,Quito,1
2000119,Jorge Cedeño Lopez,M,D,1986-10-04,4754.10,1314.54,S,PROPIA,1,HIPOTECADA,Loja,1
2000120,Camila Mendoza Torres,F,S,1981-08-03,5672.83,2264.59,T,FAMILIAR,2,HIPOTECADA,Cuenca,1
2000121,Maria Vera Vera,F,V,1965-03-16,5341.76,1696.87,U,ARRENDADA,0,PROPIA,Loja,1
2000122,Gabriela Mendoza Moreira,F,C,1993-04-20,3577.67,1060.28,N,HIPOTECADA,3,FAMILIAR,Loja,1
2000123,Diana Moreira Zambrano,F,S,1988-02-10,6101.94,2777.74,U,PROPIA,1,PROPIA,Ambato,1
2000124,Camila Zambrano Ponce,F,U,1975-07-23,5137.64,2336.40,N,HIPOTECADA,2,HIPOTECADA,Guayaquil,1
2000125,Ana Mendoza Vera,F,C,1966-04-06,4336.29,954.89,P,FAMILIAR,2,HIPOTECADA,Manta,1
2000126,Gabriela Cedeño Ponce,F,U,1992-12-18,5623.44,2052.18,U,PROPIA,3,FAMILIAR,Manta,1
2000127,Luis Zambrano Mendoza,M,U,1994-04-22,3553.50,1573.98,N,ARRENDADA,0,PROPIA,Quito,1
2000128,Paola Cedeño Zambrano,F,D,1957-12-31,5595.94,2265.03,S,FAMILIAR,1,HIPOTECADA,Portoviejo,1
2000129,Ana Torres Ponce,F,V,1968-09-29,4947.85,2208.60,P,ARRENDADA,3,ARRENDADA,Quito,1
2000130,Miguel Vera Moreira,M,S,1967-09-27,2847.67,896.67,T,FAMILIAR,1,FAMILIAR,Cuenca,1
2000131,Sofia Vera Vera,F,C,1965-06-08,2359.81,704.32,N,HIPOTECADA,4,HIPOTECADA,Loja,1
2000132,Gabriela Torres Mendoza,F,U,1979-09-25,4303.61,1036.67,P,FAMILIAR,4,HIPOTECADA,Quito,1
2000133,Gabriela Vera Ponce,F,C,2003-04-02,5903.91,1302.27,N,HIPOTECADA,3,PROPIA,Ambato,1
2000134,Miguel Ponce Ponce,M,V,1966-05-19,2433.43,1054.13,T,PROPIA,0,PROPIA,Loja,1
2000135,Diego Zambrano Vera,M,C,1994-01-25,3841.48,1589.88,N,HIPOTECADA,0,PROPIA,Manta,1
2000136,Oscar Moreira Mendoza,M,U,1991-10-27,3941.44,1382.87,S,HIPOTECADA,2,FAMILIAR,Machala,1
2000137,Lucia Moreira Moreira,F,C,2000-05-23,5060.88,2300.71,S,FAMILIAR,3,PROPIA,Machala,1
2000138,Miguel Ponce Torres,M,C,1992-06-27,5382.70,1961.12,U,PROPIA,5,FAMILIAR,Portoviejo,1
2000139,Sofia Zambrano Vera,F,C,1995-12-04,2392.87,1077.00,N,ARRENDADA,4,HIPOTECADA,Loja,1
2000140,Luis Ponce Mendoza,M,S,1975-03-14,2757.32,971.55,S,ARRENDADA,5,HIPOTECADA,Cuenca,1
2000141,Gabriela Zambrano Ponce,F,D,1999-08-26,5454.51,2261.87,P,ARRENDADA,0,HIPOTECADA,Guayaquil,1
2000142,Miguel Zambrano Vera,M,U,1956-10-21,2606.50,1114.49,S,FAMILIAR,5,ARRENDADA,Guayaquil,1
2000143,Miguel Ponce Lopez,M,C,1979-08-20,4337.79,1062.64,N,FAMILIAR,5,FAMILIAR,Guayaquil,1
2000144,Paola Vera Ponce,F,V,1979-04-07,3334.85,1209.77,U,ARRENDADA,1,PROPIA,Guayaquil,1
2000145,Oscar Torres Moreira,M,U,1974-09-05,6049.03,2481.05,S,HIPOTECADA,4,PROPIA,Ambato,1
2000146,Gabriela Torres Zambrano,F,D,1958-04-29,5305.73,1202.75,S,FAMILIAR,1,HIPOTECADA,Ambato,1
2000147,Luis Torres Torres,M,C,1997-12-05,5930.47,2001.45,N,HIPOTECADA,4,PROPIA,Loja,1
2000148,Diego Moreira Zambrano,M,U,1993-10-17,3265.12,1417.75,N,ARRENDADA,2,HIPOTECADA,Guayaquil,1
2000149,Diana Zambrano Moreira,F,S,1980-03-26,3048.20,713.34,U,ARRENDADA,5,HIPOTECADA,Quito,1
2000150,Paola Lopez Vera,F,U,1957-11-09,3007.12,1259.09,T,FAMILIAR,0,HIPOTECADA,Portoviejo,1
2000151,Miguel Cedeño Mendoza,M,V,1959-08-04,5194.66,2399.44,T,FAMILIAR,1,HIPOTECADA,Cuenca,1
2000152,Carlos Cedeño Torres,M,D,1979-08-09,4413.04,1531.11,N,ARRENDADA,3,FAMILIAR,Machala,1
2000153,Camila Zambrano Moreira,F,U,2001-01-13,5415.40,1434.59,S,FAMILIAR,5,ARRENDADA,Manta,1
2000154,Diego Ponce Zambrano,M,U,1960-06-01,4425.36,2040.20,T,HIPOTECADA,3,FAMILIAR,Loja,1
2000155,Maria Torres Mendoza,F,U,1986-05-30,3040.78,1284.34,P,PROPIA,3,FAMILIAR,Manta,1
2000156,Maria Lopez Vera,F,D,1956-01-09,2457.57,735.95,T,FAMILIAR,1,ARRENDADA,Quito,1
2000157,Maria Ponce Ponce,F,V,1979-09-22,4102.44,1307.14,P,FAMILIAR,0,FAMILIAR,Manta,1
2000158,Camila Ponce Torres,F,C,1984-07-21,5116.03,2351.56,N,ARRENDADA,5,ARRENDADA,Machala,1
2000159,Luis Mendoza Mendoza,M,S,1978-06-19,5535.28,2227.18,T,FAMILIAR,0,ARRENDADA,Cuenca,1
2000160,Luis Cedeño Lopez,M,D,1965-03-24,5002.32,1891.94,T,HIPOTECADA,1,HIPOTECADA,Quito,1
2000161,Andres Moreira Torres,M,V,2001-09-08,5580.63,2417.27,S,HIPOTECADA,0,PROPIA,Portoviejo,1
2000162,Andres Cedeño Cedeño,M,D,1991-05-11,4481.00,1424.60,U,FAMILIAR,0,PROPIA,Guayaquil,1
2000163,Paola Moreira Lopez,F,V,1965-02-28,5045.36,1254.02,U,PROPIA,3,FAMILIAR,Manta,1
2000164,Carlos Lopez Vera,M,S,1983-12-01,2799.21,1223.82,P,PROPIA,0,FAMILIAR,Machala,1
2000165,Diego Lopez Torres,M,D,1965-03-31,3205.20,1532.48,T,PROPIA,5,PROPIA,Cuenca,1
2000166,Camila Cedeño Lopez,F,U,1997-05-23,5263.29,2230.78,S,HIPOTECADA,1,PROPIA,Guayaquil,1
2000167,Miguel Cedeño Lopez,M,U,1968-10-04,2517.94,635.61,P,HIPOTECADA,0,HIPOTECADA,Cuenca,1
2000168,Carlos Torres Ponce,M,U,1973-07-16,5348.55,1733.14,N,HIPOTECADA,5,FAMILIAR,Ambato,1
2000169,Paola Vera Cedeño,F,D,1973-12-07,5314.12,2508.32,S,FAMILIAR,0,PROPIA,Cuenca,1
2000170,Miguel Vera Cedeño,M,U,1980-03-29,3534.82,1608.67,U,FAMILIAR,2,ARRENDADA,Quito,1
2000171,Oscar Ponce Cedeño,M,U,1957-08-05,4364.51,2076.88,T,FAMILIAR,1,HIPOTECADA,Machala,1
2000172,Diana Zambrano Torres,F,U,1973-05-16,2242.91,913.77,P,FAMILIAR,3,HIPOTECADA,Guayaquil,1
2000173,Miguel Zambrano Vera,M,V,1994-07-14,2491.94,981.28,S,ARRENDADA,2,PROPIA,Portoviejo,1
2000174,Lucia Vera Torres,F,C,1961-01-05,5317.39,1617.74,S,HIPOTECADA,5,FAMILIAR,Machala,1
2000175,Luis Lopez Zambrano,M,S,1960-09-14,2245.82,620.55,N,ARRENDADA,0,ARRENDADA,Guayaquil,1
2000176,Mateo Vera Ponce,M,D,2001-08-21,4410.06,1621.17,U,FAMILIAR,0,HIPOTECADA,Quito,1
2000177,Carlos Cedeño Cedeño,M,D,1997-05-04,2781.64,1242.99,T,ARRENDADA,3,FAMILIAR,Ambato,1
2000178,Carlos Torres Zambrano,M,U,1976-02-03,4301.42,1262.52,T,ARRENDADA,1,PROPIA,Portoviejo,1
2000179,Ana Mendoza Moreira,F,C,1992-06-10,3611.23,977.51,T,ARRENDADA,4,PROPIA,Quito,1
2000180,Lucia Ponce Mendoza,F,V,1964-07-13,3066.90,1457.12,N,PROPIA,4,HIPOTECADA,Cuenca,1
2000181,Carlos Ponce Vera,M,U,1981-05-22,3758.60,1191.39,U,HIPOTECADA,5,ARRENDADA,Quito,1
2000182,Paola Zambrano Ponce,F,U,1985-08-13,2652.07,1057.54,U,FAMILIAR,4,ARRENDADA,Manta,1
2000183,Paola Mendoza Mendoza,F,U,1992-11-14,5899.66,2111.20,P,PROPIA,3,HIPOTECADA,Manta,1
2000184,Mateo Cedeño Lopez,M,D,1993-03-18,3748.50,1213.90,N,FAMILIAR,0,HIPOTECADA,Portoviejo,1
2000185,Jorge Ponce Zambrano,M,U,1969-09-18,3000.90,1414.70,S,FAMILIAR,5,HIPOTECADA,Portoviejo,1
2000186,Jorge Ponce Zambrano,M,D,1988-06-21,5047.60,1712.07,U,PROPIA,2,PROPIA,Ambato,1
2000187,Luis Moreira Vera,M,V,1979-03-22,4577.04,2044.47,P,PROPIA,2,HIPOTECADA,Guayaquil,1
2000188,Oscar Moreira Zambrano,M,S,1987-02-28,4238.38,1553.82,P,HIPOTECADA,5,PROPIA,Machala,1
2000189,Gabriela Mendoza Mendoza,F,U,1977-06-17,3088.60,804.94,P,FAMILIAR,1,FAMILIAR,Portoviejo,1
2000190,Maria Mendoza Cedeño,F,V,1979-03-04,2029.78,1521.50,S,HIPOTECADA,3,FAMILIAR,Loja,1
2000191,Diego Cedeño Vera,M,C,1999-03-31,1647.48,972.30,P,ARRENDADA,1,HIPOTECADA,Machala,1
2000192,Diego Ponce Ponce,M,C,2001-03-17,3199.75,1551.85,T,PROPIA,1,PROPIA,Cuenca,1
2000193,Sofia Zambrano Mendoza,F,V,1973-01-02,2992.70,1572.40,P,HIPOTECADA,3,FAMILIAR,Portoviejo,1
2000194,Lucia Torres Zambrano,F,C,2000-04-07,1790.29,1349.10,P,PROPIA,1,FAMILIAR,Quito,1
2000195,Carlos Cedeño Cedeño,M,C,1963-12-14,1897.66,1498.26,P,ARRENDADA,5,PROPIA,Loja,1
2000196,Oscar Cedeño Torres,M,V,1998-12-22,3226.16,1941.64,T,HIPOTECADA,2,FAMILIAR,Quito,1
2000197,Gabriela Cedeño Moreira,F,V,1967-08-10,2211.27,1268.48,S,PROPIA,3,PROPIA,Portoviejo,1
2000198,Mateo Lopez Cedeño,M,D,1978-01-24,993.89,581.62,P,PROPIA,5,PROPIA,Machala,1
2000199,Mateo Lopez Cedeño,M,D,1999-08-27,1021.12,669.25,U,ARRENDADA,2,PROPIA,Machala,1
2000200,Oscar Ponce Vera,M,V,1978-12-13,3126.99,2542.92,S,PROPIA,5,FAMILIAR,Manta,1
2000201,Diego Moreira Cedeño,M,V,1961-08-05,2179.48,1702.68,P,PROPIA,3,FAMILIAR,Machala,1
2000202,Oscar Mendoza Vera,M,C,1959-03-22,2813.88,1929.04,T,FAMILIAR,4,HIPOTECADA,Loja,1
2000203,Miguel Lopez Mendoza,M,U,1963-01-22,1113.34,534.94,U,PROPIA,2,FAMILIAR,Manta,1
2000204,Mateo Zambrano Mendoza,M,C,1996-11-13,3460.23,1682.34,S,PROPIA,3,PROPIA,Loja,1
2000205,Carlos Ponce Vera,M,V,1957-01-08,2327.44,1867.30,P,FAMILIAR,3,PROPIA,Quito,1
2000206,Sofia Cedeño Moreira,F,V,1986-05-31,1040.77,806.80,U,HIPOTECADA,2,HIPOTECADA,Loja,1
2000207,Camila Moreira Mendoza,F,D,1962-06-20,1389.02,1034.01,U,PROPIA,2,ARRENDADA,Cuenca,1
2000208,Andres Cedeño Zambrano,M,C,1986-01-18,3233.16,2640.75,P,PROPIA,3,HIPOTECADA,Cuenca,1
2000209,Paola Moreira Moreira,F,D,1957-12-15,2344.04,1247.75,S,PROPIA,3,ARRENDADA,Cuenca,1
2000210,Paola Cedeño Lopez,F,C,1961-09-15,2673.69,1421.48,T,ARRENDADA,1,FAMILIAR,Guayaquil,1
2000211,Mateo Mendoza Ponce,M,S,1974-03-02,1828.38,1315.85,S,HIPOTECADA,1,PROPIA,Cuenca,1
2000212,Diego Lopez Ponce,M,V,1957-06-09,1058.53,604.64,P,HIPOTECADA,4,PROPIA,Quito,1
2000213,Oscar Moreira Lopez,M,V,1961-11-03,1515.72,844.63,U,HIPOTECADA,1,HIPOTECADA,Machala,1
2000214,Carlos Ponce Zambrano,M,V,1979-03-18,2727.09,1928.28,T,HIPOTECADA,3,FAMILIAR,Loja,1
2000215,Paola Vera Torres,F,V,1981-08-01,3303.10,2670.29,S,HIPOTECADA,1,HIPOTECADA,Ambato,1
2000216,Lucia Mendoza Zambrano,F,U,1989-02-01,2225.98,1339.23,P,PROPIA,4,FAMILIAR,Portoviejo,1
2000217,Diana Torres Ponce,F,D,1993-07-15,2963.30,1810.20,T,FAMILIAR,2,FAMILIAR,Guayaquil,1
2000218,Jorge Lopez Vera,M,U,1964-04-16,2062.02,1119.82,S,ARRENDADA,1,HIPOTECADA,Guayaquil,1
2000219,Jorge Mendoza Mendoza,M,U,1987-07-14,1284.29,942.84,P,PROPIA,5,HIPOTECADA,Manta,1
2000220,Paola Mendoza Lopez,F,C,1986-05-30,2647.19,1424.18,T,PROPIA,1,PROPIA,Portoviejo,1
2000221,Diana Mendoza Torres,F,C,1988-06-12,3034.49,2313.11,U,ARRENDADA,3,HIPOTECADA,Quito,1
2000222,Andres Vera Moreira,M,S,1984-09-21,1417.62,696.00,S,ARRENDADA,5,FAMILIAR,Ambato,1
2000223,Maria Cedeño Zambrano,F,D,1979-05-12,1651.58,1240.76,P,FAMILIAR,3,FAMILIAR,Cuenca,1
2000224,Andres Mendoza Lopez,M,V,2003-04-21,1298.06,762.46,T,HIPOTECADA,5,FAMILIAR,Cuenca,1
2000225,Maria Lopez Lopez,F,C,1980-10-26,1349.09,786.01,P,PROPIA,2,FAMILIAR,Portoviejo,1
2000226,Diego Torres Torres,M,D,2003-04-02,1426.97,793.81,S,HIPOTECADA,2,PROPIA,Quito,1
2000227,Andres Vera Torres,M,V,1983-11-29,1812.14,1478.10,T,PROPIA,2,PROPIA,Loja,1
2000228,Mateo Moreira Lopez,M,D,1958-12-16,3446.63,2079.20,T,FAMILIAR,1,PROPIA,Machala,1
2000229,Diego Mendoza Torres,M,V,1985-02-22,1969.01,1216.43,U,FAMILIAR,1,ARRENDADA,Quito,1
2000230,Jorge Moreira Mendoza,M,U,1999-12-09,1146.29,810.97,S,HIPOTECADA,4,PROPIA,Loja,1
2000231,Lucia Moreira Mendoza,F,S,1960-03-14,1254.42,606.92,T,PROPIA,5,HIPOTECADA,Ambato,1
2000232,Miguel Torres Cedeño,M,U,1972-09-14,3455.73,2802.22,U,HIPOTECADA,1,HIPOTECADA,Manta,1
2000233,Camila Lopez Torres,F,C,1977-06-22,1945.37,1416.83,S,ARRENDADA,1,ARRENDADA,Ambato,1
2000234,Miguel Cedeño Vera,M,V,1970-12-25,1704.69,1153.32,P,FAMILIAR,1,PROPIA,Machala,1
2000235,Diana Ponce Mendoza,F,V,1984-04-14,3552.97,1736.98,U,FAMILIAR,1,ARRENDADA,Loja,1
2000236,Andres Moreira Torres,M,D,2000-01-07,2052.97,1542.82,S,FAMILIAR,5,FAMILIAR,Manta,1
2000237,Sofia Cedeño Lopez,F,S,2000-03-18,2698.92,1337.77,P,FAMILIAR,1,PROPIA,Cuenca,1
2000238,Maria Mendoza Mendoza,F,D,1985-05-03,2440.59,1184.63,S,FAMILIAR,1,HIPOTECADA,Loja,1
2000239,Carlos Ponce Zambrano,M,V,1964-12-20,2852.28,2035.56,S,ARRENDADA,1,HIPOTECADA,Manta,1
2000240,Andres Vera Mendoza,M,C,1980-08-11,2385.78,1231.22,U,FAMILIAR,2,PROPIA,Loja,1
2000241,Mateo Mendoza Mendoza,M,C,1963-08-09,2497.70,1965.28,T,FAMILIAR,5,PROPIA,Loja,1
2000242,Sofia Lopez Torres,F,U,2001-12-17,2673.20,1560.89,P,HIPOTECADA,2,FAMILIAR,Ambato,1
2000243,Carlos Moreira Lopez,M,D,1955-02-09,3071.16,2492.82,U,FAMILIAR,3,HIPOTECADA,Ambato,1
2000244,Lucia Zambrano Ponce,F,D,1976-10-23,1102.38,654.26,U,HIPOTECADA,3,PROPIA,Cuenca,1
2000245,Diana Mendoza Lopez,F,S,1973-10-20,1710.16,1309.62,T,HIPOTECADA,4,PROPIA,Machala,1
2000246,Miguel Ponce Moreira,M,V,1982-10-30,3180.34,2435.36,P,ARRENDADA,5,FAMILIAR,Cuenca,1
2000247,Maria Ponce Cedeño,F,D,1964-09-28,1363.86,671.87,P,ARRENDADA,5,FAMILIAR,Machala,1
2000248,Oscar Cedeño Mendoza,M,C,1975-12-12,3594.51,2905.17,P,ARRENDADA,2,HIPOTECADA,Quito,1
2000249,Sofia Vera Mendoza,F,U,1971-07-26,1650.61,856.95,P,FAMILIAR,3,PROPIA,Guayaquil,1
2000250,Paola Lopez Mendoza,F,U,2003-07-08,3434.98,2664.26,P,HIPOTECADA,4,PROPIA,Guayaquil,1
2000251,Andres Cedeño Zambrano,M,U,1984-09-26,1872.88,1451.25,P,HIPOTECADA,5,PROPIA,Loja,1
2000252,Ana Moreira Mendoza,F,U,1961-12-19,1634.73,1085.70,T,HIPOTECADA,3,FAMILIAR,Loja,1
2000253,Jorge Moreira Vera,M,C,1999-09-17,3274.67,1637.41,T,HIPOTECADA,3,ARRENDADA,Loja,1
2000254,Ana Vera Vera,F,U,1994-01-26,1186.71,868.07,T,PROPIA,1,ARRENDADA,Quito,1
2000255,Andres Cedeño Lopez,M,U,1972-12-14,1890.25,1353.50,T,ARRENDADA,3,ARRENDADA,Portoviejo,1
2000256,Ana Lopez Vera,F,C,1990-01-22,1453.88,784.17,T,ARRENDADA,3,ARRENDADA,Portoviejo,1
2000257,Gabriela Mendoza Cedeño,F,S,1987-03-22,2282.08,1515.98,T,ARRENDADA,3,FAMILIAR,Ambato,1
2000258,Diana Moreira Torres,F,U,1973-08-22,1701.99,1045.81,S,ARRENDADA,2,ARRENDADA,Manta,1
2000259,Maria Cedeño Cedeño,F,D,1955-03-27,3597.76,2810.05,U,HIPOTECADA,3,FAMILIAR,Quito,1
2000260,Mateo Torres Lopez,M,U,1981-09-06,2007.82,1360.18,U,FAMILIAR,2,ARRENDADA,Ambato,1
2000261,Maria Lopez Lopez,F,S,1998-02-12,1151.25,789.62,U,HIPOTECADA,4,FAMILIAR,Portoviejo,1
2000262,Miguel Torres Moreira,M,D,1999-05-29,1303.01,887.62,T,PROPIA,4,FAMILIAR,Quito,1
2000263,Paola Mendoza Zambrano,F,S,1961-10-02,1386.57,1104.62,U,FAMILIAR,5,FAMILIAR,Machala,1
2000264,Ana Torres Mendoza,F,U,2001-01-08,3342.62,1732.07,U,FAMILIAR,3,PROPIA,Quito,1
2000265,Paola Vera Moreira,F,D,1992-02-13,1080.83,859.64,T,ARRENDADA,5,ARRENDADA,Loja,1
2000266,Ana Mendoza Ponce,F,U,1958-03-22,1072.76,742.00,P,PROPIA,3,FAMILIAR,Guayaquil,1
2000267,Camila Ponce Zambrano,F,C,1955-05-16,1006.37,811.16,U,FAMILIAR,5,FAMILIAR,Quito,1
2000268,Sofia Torres Zambrano,F,D,1981-11-20,1559.06,1044.82,P,HIPOTECADA,4,FAMILIAR,Machala,1
2000269,Maria Moreira Ponce,F,S,1978-10-15,1173.11,863.61,T,HIPOTECADA,1,HIPOTECADA,Machala,1
2000270,Camila Cedeño Lopez,F,V,1959-04-25,3167.85,2268.50,P,FAMILIAR,2,PROPIA,Guayaquil,1
2000271,Ana Ponce Torres,F,D,1961-11-11,3198.26,1724.83,U,PROPIA,2,ARRENDADA,Portoviejo,1
2000272,Gabriela Lopez Moreira,F,S,2001-01-21,1351.33,698.49,P,ARRENDADA,2,HIPOTECADA,Guayaquil,1
2000273,Camila Ponce Vera,F,S,1981-04-20,2497.29,1499.45,P,PROPIA,1,PROPIA,Manta,1
2000274,Camila Mendoza Zambrano,F,S,2000-08-04,3122.20,1742.32,S,HIPOTECADA,5,PROPIA,Cuenca,1
2000275,Oscar Zambrano Moreira,M,D,1981-06-08,2018.43,1171.29,T,HIPOTECADA,3,HIPOTECADA,Machala,1
2000276,Paola Ponce Vera,F,C,1986-06-18,1251.59,776.65,P,PROPIA,2,ARRENDADA,Ambato,1
2000277,Sofia Ponce Moreira,F,D,1956-03-28,2652.41,1738.68,U,HIPOTECADA,1,FAMILIAR,Loja,1
2000278,Luis Cedeño Vera,M,U,1992-08-31,1251.41,987.90,P,PROPIA,5,PROPIA,Guayaquil,1
2000279,Mateo Moreira Lopez,M,D,1993-08-10,2024.43,1414.07,T,PROPIA,4,ARRENDADA,Quito,1
2000280,Ana Vera Torres,F,U,1969-01-19,2747.24,1861.87,U,FAMILIAR,2,PROPIA,Guayaquil,1
2000281,Sofia Zambrano Zambrano,F,V,1969-11-04,3050.45,1589.88,P,ARRENDADA,2,ARRENDADA,Cuenca,1
2000282,Jorge Cedeño Vera,M,U,1956-07-21,2147.28,1376.61,P,FAMILIAR,5,FAMILIAR,Loja,1
2000283,Andres Zambrano Cedeño,M,U,1995-06-07,1546.02,1121.81,S,ARRENDADA,5,HIPOTECADA,Machala,1
2000284,Ana Torres Cedeño,F,D,1961-10-16,2120.83,1328.58,P,FAMILIAR,3,HIPOTECADA,Quito,1
2000285,Oscar Moreira Vera,M,U,1984-03-14,1867.00,1447.09,S,ARRENDADA,1,HIPOTECADA,Quito,1
2000286,Oscar Ponce Cedeño,M,V,1962-11-29,1993.50,1607.28,S,FAMILIAR,3,PROPIA,Cuenca,1
2000287,Luis Ponce Cedeño,M,V,1963-07-20,914.57,582.04,S,HIPOTECADA,1,FAMILIAR,Quito,1
2000288,Camila Ponce Mendoza,F,U,1967-04-03,1156.66,708.66,U,FAMILIAR,3,ARRENDADA,Guayaquil,1
2000289,Andres Vera Ponce,M,S,1978-10-27,1539.22,1085.98,S,HIPOTECADA,5,HIPOTECADA,Manta,1
2000290,Ana Lopez Torres,F,S,2002-05-26,2547.61,1728.50,S,HIPOTECADA,3,HIPOTECADA,Loja,1
2000291,Ana Moreira Mendoza,F,U,1955-08-10,2706.63,1317.08,P,FAMILIAR,4,FAMILIAR,Cuenca,1
2000292,Paola Lopez Moreira,F,C,1977-06-14,1996.54,1478.37,S,FAMILIAR,5,HIPOTECADA,Machala,1
2000293,Jorge Lopez Cedeño,M,U,1996-10-19,2109.08,1209.40,S,ARRENDADA,2,HIPOTECADA,Machala,1
2000294,Luis Lopez Lopez,M,S,1991-09-01,3362.88,1794.47,S,PROPIA,4,FAMILIAR,Portoviejo,1
2000295,Oscar Cedeño Zambrano,M,D,1970-12-04,1256.52,752.43,P,HIPOTECADA,2,HIPOTECADA,Guayaquil,1
2000296,Sofia Zambrano Cedeño,F,C,1998-08-29,1472.10,978.56,T,FAMILIAR,1,HIPOTECADA,Portoviejo,1
2000297,Carlos Lopez Moreira,M,U,1968-08-25,2742.60,1829.74,U,FAMILIAR,1,FAMILIAR,Ambato,1
2000298,Miguel Moreira Moreira,M,U,1971-10-12,3538.16,2292.06,P,HIPOTECADA,1,HIPOTECADA,Cuenca,1
2000299,Maria Torres Lopez,F,U,1991-06-10,2554.31,1649.34,T,FAMILIAR,4,FAMILIAR,Portoviejo,1
2000300,Camila Vera Zambrano,F,V,2003-05-21,3543.70,2838.41,U,PROPIA,5,PROPIA,Portoviejo,1
2000301,Ana Zambrano Torres,F,D,1975-11-03,1815.94,999.83,T,FAMILIAR,2,ARRENDADA,Machala,1
2000302,Ana Zambrano Zambrano,F,D,1970-06-21,3115.38,1659.62,S,HIPOTECADA,4,ARRENDADA,Cuenca,1
2000303,Miguel Ponce Ponce,M,D,1998-01-09,3472.47,1782.10,T,ARRENDADA,3,PROPIA,Ambato,1
2000304,Andres Mendoza Cedeño,M,C,1974-08-16,1806.53,1335.06,T,HIPOTECADA,1,PROPIA,Cuenca,1
2000305,Paola Ponce Cedeño,F,V,1996-07-22,2706.16,1846.37,U,HIPOTECADA,1,ARRENDADA,Machala,1
2000306,Miguel Vera Moreira,M,D,1987-07-17,3083.58,2430.43,S,PROPIA,1,FAMILIAR,Cuenca,1
2000307,Paola Vera Cedeño,F,V,1969-08-08,3286.41,2237.51,U,FAMILIAR,3,ARRENDADA,Portoviejo,1
2000308,Diana Moreira Cedeño,F,D,1964-05-11,3547.50,2822.01,P,FAMILIAR,4,PROPIA,Ambato,1
2000309,Diego Vera Lopez,M,S,1975-09-02,1399.39,962.63,P,PROPIA,5,HIPOTECADA,Loja,1
2000310,Paola Ponce Torres,F,S,1993-06-15,2125.55,1585.95,T,PROPIA,2,ARRENDADA,Manta,1
2000311,Diego Zambrano Lopez,M,S,1997-05-15,2483.22,1557.07,S,FAMILIAR,5,PROPIA,Loja,1
2000312,Sofia Cedeño Ponce,F,C,1970-04-06,1587.08,1228.95,S,HIPOTECADA,2,HIPOTECADA,Loja,1
2000313,Ana Zambrano Moreira,F,U,1986-12-26,3351.60,2508.51,S,ARRENDADA,1,FAMILIAR,Loja,1
2000314,Carlos Moreira Moreira,M,D,1992-03-03,2162.49,1339.15,T,HIPOTECADA,1,PROPIA,Portoviejo,1
2000315,Ana Lopez Lopez,F,S,1973-02-28,2845.69,1985.10,S,HIPOTECADA,1,ARRENDADA,Manta,1
2000316,Sofia Vera Zambrano,F,V,1969-04-07,3240.91,1717.97,S,ARRENDADA,3,FAMILIAR,Loja,1
2000317,Gabriela Ponce Mendoza,F,U,1974-12-15,908.87,583.16,P,ARRENDADA,5,FAMILIAR,Machala,1
2000318,Maria Lopez Vera,F,S,1986-11-07,2977.17,2305.27,S,ARRENDADA,4,ARRENDADA,Cuenca,1
2000319,Luis Moreira Lopez,M,C,1995-05-21,1005.55,635.51,T,PROPIA,3,FAMILIAR,Ambato,1
2000320,Lucia Moreira Moreira,F,D,1973-09-28,2390.18,1878.62,T,HIPOTECADA,1,HIPOTECADA,Quito,1
2000321,Jorge Ponce Mendoza,M,U,1984-01-24,1046.23,770.78,P,FAMILIAR,5,FAMILIAR,Machala,1
2000322,Maria Zambrano Moreira,F,D,1991-01-06,3166.37,1551.79,S,HIPOTECADA,4,FAMILIAR,Guayaquil,1
2000323,Diana Cedeño Zambrano,F,U,1972-03-30,1440.32,834.60,P,HIPOTECADA,5,HIPOTECADA,Manta,1
2000324,Paola Zambrano Moreira,F,C,1996-04-24,2049.37,1623.06,P,FAMILIAR,1,FAMILIAR,Loja,1
2000325,Mateo Lopez Ponce,M,U,1965-01-14,3114.24,2193.47,P,HIPOTECADA,3,PROPIA,Cuenca,1
2000326,Oscar Vera Ponce,M,V,1967-11-15,1628.37,935.08,S,PROPIA,1,ARRENDADA,Quito,1
2000327,Diego Cedeño Ponce,M,D,1982-09-26,3500.11,2616.32,P,HIPOTECADA,3,PROPIA,Loja,1
2000328,Sofia Mendoza Zambrano,F,U,1971-04-13,1938.11,1200.89,S,FAMILIAR,3,HIPOTECADA,Loja,1
2000329,Paola Moreira Cedeño,F,C,1979-02-19,938.22,752.98,U,FAMILIAR,3,FAMILIAR,Guayaquil,1
2000330,Gabriela Zambrano Ponce,F,U,1971-11-04,1284.24,987.97,U,FAMILIAR,4,PROPIA,Ambato,1
2000331,Diego Torres Torres,M,D,1987-02-24,1419.37,1329.52,T,FAMILIAR,4,PROPIA,Ambato,1
2000332,Oscar Vera Ponce,M,C,1963-11-16,1388.89,1194.15,P,ARRENDADA,1,FAMILIAR,Machala,1
2000333,Jorge Cedeño Cedeño,M,S,1980-01-01,983.74,785.00,U,ARRENDADA,3,ARRENDADA,Quito,1
2000334,Diego Ponce Torres,M,S,1962-03-10,1297.62,1241.48,P,ARRENDADA,3,ARRENDADA,Guayaquil,1
2000335,Diego Moreira Lopez,M,S,2000-07-08,657.21,482.57,N,HIPOTECADA,4,ARRENDADA,Quito,1
2000336,Jorge Ponce Cedeño,M,V,1975-10-01,1394.67,1078.11,N,HIPOTECADA,1,FAMILIAR,Machala,1
2000337,Gabriela Moreira Zambrano,F,U,1959-12-29,1399.36,1009.13,S,FAMILIAR,0,ARRENDADA,Guayaquil,1
2000338,Andres Lopez Ponce,M,S,1972-10-18,1138.50,1000.04,P,ARRENDADA,3,HIPOTECADA,Loja,1
2000339,Ana Lopez Lopez,F,V,1957-12-19,1145.00,892.87,T,ARRENDADA,3,HIPOTECADA,Portoviejo,1
2000340,Miguel Mendoza Cedeño,M,V,1955-07-15,1289.79,1032.74,U,PROPIA,4,FAMILIAR,Manta,1
2000341,Ana Mendoza Lopez,F,U,1994-11-19,1407.85,1085.58,P,ARRENDADA,4,ARRENDADA,Ambato,1
2000342,Oscar Mendoza Torres,M,V,1992-06-19,1144.67,924.28,P,FAMILIAR,0,FAMILIAR,Machala,1
2000343,Sofia Moreira Lopez,F,V,1993-05-08,1033.34,982.23,T,HIPOTECADA,2,HIPOTECADA,Loja,1
2000344,Carlos Vera Mendoza,M,V,1988-03-18,1070.32,957.73,T,PROPIA,0,PROPIA,Ambato,1
2000345,Camila Torres Ponce,F,C,1967-07-10,1751.74,1336.20,N,HIPOTECADA,5,HIPOTECADA,Portoviejo,1
2000346,Maria Lopez Zambrano,F,V,1964-02-27,1276.00,1190.16,T,PROPIA,1,FAMILIAR,Manta,1
2000347,Ana Lopez Zambrano,F,D,1990-01-19,1447.46,1283.04,T,FAMILIAR,2,FAMILIAR,Quito,1
2000348,Gabriela Mendoza Zambrano,F,V,1958-07-20,1733.98,1623.80,U,FAMILIAR,3,PROPIA,Ambato,1
2000349,Ana Torres Torres,F,U,1974-04-15,1515.70,1416.13,U,PROPIA,5,PROPIA,Ambato,1
2000350,Gabriela Ponce Mendoza,F,U,1986-12-25,1683.43,1331.06,T,PROPIA,5,FAMILIAR,Loja,1
2000351,Maria Ponce Cedeño,F,C,1964-09-24,1322.95,1002.23,N,PROPIA,1,FAMILIAR,Quito,1
2000352,Sofia Ponce Ponce,F,D,1968-07-31,1320.81,982.59,N,FAMILIAR,3,FAMILIAR,Cuenca,1
2000353,Jorge Ponce Moreira,M,S,1976-06-30,1125.55,999.45,S,HIPOTECADA,4,HIPOTECADA,Quito,1
2000354,Oscar Zambrano Mendoza,M,C,1989-11-24,1128.20,1040.14,S,PROPIA,4,FAMILIAR,Loja,1
2000355,Gabriela Vera Zambrano,F,D,1978-02-11,1383.94,1088.08,U,PROPIA,5,FAMILIAR,Portoviejo,1
2000356,Ana Mendoza Cedeño,F,S,1981-08-17,1706.20,1406.06,N,ARRENDADA,0,ARRENDADA,Ambato,1
2000357,Carlos Torres Lopez,M,D,1969-12-15,496.99,430.17,U,HIPOTECADA,1,HIPOTECADA,Guayaquil,1
2000358,Jorge Cedeño Ponce,M,D,1992-10-24,704.18,634.86,P,ARRENDADA,1,HIPOTECADA,Portoviejo,1
2000359,Diego Mendoza Lopez,M,S,1967-08-10,1217.68,965.54,N,PROPIA,0,FAMILIAR,Manta,1
2000360,Ana Torres Moreira,F,U,1971-08-13,981.04,856.34,T,FAMILIAR,4,FAMILIAR,Ambato,1
2000361,Maria Zambrano Vera,F,D,2001-03-11,456.61,340.46,U,FAMILIAR,4,ARRENDADA,Cuenca,1
2000362,Mateo Zambrano Mendoza,M,V,1982-03-05,493.60,364.54,N,FAMILIAR,4,HIPOTECADA,Quito,1
2000363,Paola Lopez Vera,F,U,1980-06-14,1684.53,1611.51,N,HIPOTECADA,4,FAMILIAR,Machala,1
2000364,Diego Lopez Mendoza,M,U,1995-01-02,830.01,782.16,P,HIPOTECADA,1,PROPIA,Manta,1
2000365,Camila Vera Moreira,F,U,1979-12-16,684.19,583.65,T,PROPIA,0,ARRENDADA,Ambato,1
2000366,Miguel Mendoza Ponce,M,D,1998-01-31,1263.42,1176.12,S,ARRENDADA,2,FAMILIAR,Manta,1
2000367,Diego Torres Cedeño,M,S,1962-08-31,585.31,442.90,N,PROPIA,1,PROPIA,Machala,1
2000368,Jorge Zambrano Ponce,M,S,1980-05-21,1607.23,1305.63,T,HIPOTECADA,3,PROPIA,Machala,1
2000369,Paola Lopez Ponce,F,U,1984-04-03,558.79,495.13,U,HIPOTECADA,0,ARRENDADA,Ambato,1
2000370,Diana Mendoza Torres,F,V,1969-11-03,847.99,694.12,T,HIPOTECADA,3,HIPOTECADA,Manta,1
2000371,Carlos Moreira Mendoza,M,D,1960-12-01,613.28,550.27,N,HIPOTECADA,2,PROPIA,Portoviejo,1
2000372,Gabriela Mendoza Moreira,F,D,1965-09-03,953.19,858.10,U,HIPOTECADA,5,HIPOTECADA,Ambato,1
2000373,Lucia Mendoza Moreira,F,C,1970-10-04,1668.48,1452.86,T,HIPOTECADA,4,PROPIA,Ambato,1
2000374,Sofia Ponce Ponce,F,V,1958-01-23,544.19,468.63,U,PROPIA,1,PROPIA,Machala,1
2000375,Sofia Torres Torres,F,S,1955-09-07,1737.27,1503.67,N,PROPIA,0,ARRENDADA,Portoviejo,1
2000376,Maria Vera Torres,F,U,1980-12-16,1410.88,1058.68,S,ARRENDADA,4,FAMILIAR,Quito,1
2000377,Luis Ponce Vera,M,U,1961-12-06,430.86,360.85,U,PROPIA,3,PROPIA,Portoviejo,1
2000378,Maria Torres Torres,F,S,1974-06-18,1393.33,1309.15,P,HIPOTECADA,3,ARRENDADA,Portoviejo,1
2000379,Camila Cedeño Zambrano,F,U,1984-12-11,1273.63,1155.64,T,FAMILIAR,5,PROPIA,Machala,1
2000380,Lucia Moreira Mendoza,F,S,1980-06-25,1323.45,1017.05,S,HIPOTECADA,5,FAMILIAR,Loja,1
2000381,Diana Torres Lopez,F,U,1988-12-26,1579.13,1457.78,T,FAMILIAR,4,FAMILIAR,Quito,1
2000382,Diana Cedeño Mendoza,F,D,1995-02-11,634.00,466.20,T,PROPIA,3,ARRENDADA,Guayaquil,1
2000383,Maria Lopez Moreira,F,C,1967-03-10,1625.04,1495.27,P,HIPOTECADA,2,ARRENDADA,Manta,1
2000384,Diego Zambrano Moreira,M,D,1994-08-06,1012.79,865.79,P,ARRENDADA,2,FAMILIAR,Ambato,1
2000385,Mateo Lopez Zambrano,M,V,1957-08-22,514.15,465.69,U,PROPIA,3,HIPOTECADA,Cuenca,1
2000386,Paola Moreira Zambrano,F,D,1968-06-22,606.98,577.73,S,FAMILIAR,4,FAMILIAR,Cuenca,1
2000387,Oscar Zambrano Mendoza,M,C,1967-11-04,1588.46,1306.60,N,FAMILIAR,2,HIPOTECADA,Portoviejo,1
2000388,Diana Ponce Mendoza,F,V,1977-06-07,1354.96,1293.43,P,PROPIA,2,FAMILIAR,Guayaquil,1
2000389,Maria Mendoza Vera,F,V,2001-11-28,1123.81,883.59,S,PROPIA,1,HIPOTECADA,Loja,1
2000390,Carlos Mendoza Vera,M,D,1957-10-10,1793.33,1670.85,S,FAMILIAR,4,HIPOTECADA,Machala,1
2000391,Jorge Vera Cedeño,M,S,1983-06-13,1122.31,1044.45,T,ARRENDADA,1,PROPIA,Portoviejo,1
2000392,Jorge Vera Lopez,M,U,1966-11-13,520.44,493.54,N,ARRENDADA,4,PROPIA,Cuenca,1
2000393,Luis Torres Lopez,M,V,1972-02-20,904.12,801.14,T,FAMILIAR,3,PROPIA,Quito,1
2000394,Andres Vera Zambrano,M,S,1996-12-07,619.68,532.27,S,ARRENDADA,3,PROPIA,Machala,1
2000395,Diego Lopez Ponce,M,U,1996-06-10,1137.78,1020.68,N,HIPOTECADA,3,HIPOTECADA,Portoviejo,1
2000396,Andres Mendoza Cedeño,M,D,2003-07-01,982.35,806.85,P,ARRENDADA,4,HIPOTECADA,Machala,1
2000397,Oscar Vera Lopez,M,V,1985-07-22,464.95,389.65,P,ARRENDADA,3,ARRENDADA,Ambato,1
2000398,Maria Moreira Ponce,F,U,1976-02-22,896.22,658.98,P,FAMILIAR,3,HIPOTECADA,Quito,1
2000399,Andres Zambrano Torres,M,D,1969-03-23,1238.09,1131.80,N,PROPIA,5,FAMILIAR,Manta,1
2000400,Ana Cedeño Ponce,F,C,1977-12-12,1024.92,741.07,S,PROPIA,2,ARRENDADA,Quito,1
2000401,Paola Moreira Torres,F,C,1979-10-12,599.05,476.79,S,ARRENDADA,1,PROPIA,Loja,1
2000402,Andres Torres Mendoza,M,S,1975-09-21,935.64,726.61,S,PROPIA,4,ARRENDADA,Cuenca,1
2000403,Ana Vera Zambrano,F,D,1989-11-17,739.54,675.12,T,HIPOTECADA,4,HIPOTECADA,Portoviejo,1
2000404,Ana Torres Cedeño,F,C,1987-01-21,906.16,710.11,P,FAMILIAR,3,HIPOTECADA,Quito,1
2000405,Sofia Mendoza Mendoza,F,U,1983-03-26,1358.30,1091.29,S,PROPIA,5,ARRENDADA,Manta,1
2000406,Jorge Zambrano Moreira,M,D,1984-03-09,1228.77,1137.86,N,FAMILIAR,1,PROPIA,Portoviejo,1
2000407,Luis Vera Torres,M,V,1960-01-12,1625.09,1272.57,N,ARRENDADA,2,ARRENDADA,Quito,1
2000408,Maria Lopez Mendoza,F,C,1982-09-27,777.44,603.87,T,FAMILIAR,1,ARRENDADA,Loja,1
2000409,Maria Ponce Lopez,F,C,1984-06-25,1641.73,1273.21,S,FAMILIAR,2,ARRENDADA,Manta,1
2000410,Sofia Mendoza Lopez,F,C,1969-12-10,683.38,584.57,N,FAMILIAR,1,FAMILIAR,Cuenca,1
2000411,Ana Vera Mendoza,F,C,1969-09-02,967.10,752.65,T,ARRENDADA,3,HIPOTECADA,Manta,1
2000412,Sofia Mendoza Ponce,F,D,1989-01-15,1184.45,1060.36,T,FAMILIAR,4,FAMILIAR,Ambato,1
2000413,Oscar Vera Moreira,M,D,1995-10-11,496.10,357.81,P,FAMILIAR,5,ARRENDADA,Machala,1
2000414,Jorge Torres Zambrano,M,D,1958-07-07,1444.81,1285.41,N,FAMILIAR,2,PROPIA,Ambato,1
2000415,Ana Lopez Moreira,F,C,1999-02-22,710.96,557.20,P,HIPOTECADA,5,HIPOTECADA,Portoviejo,1
2000416,Jorge Zambrano Moreira,M,S,1995-05-01,1202.97,998.80,S,PROPIA,0,HIPOTECADA,Guayaquil,1
2000417,Sofia Torres Moreira,F,V,2001-11-02,826.25,622.94,S,ARRENDADA,4,PROPIA,Manta,1
2000418,Andres Zambrano Vera,M,U,1989-05-29,1427.11,1352.87,N,FAMILIAR,5,HIPOTECADA,Ambato,1
2000419,Paola Lopez Lopez,F,V,1964-09-20,1071.13,917.19,T,HIPOTECADA,1,PROPIA,Guayaquil,1
2000420,Sofia Ponce Cedeño,F,C,1966-08-03,1103.74,907.82,S,HIPOTECADA,2,ARRENDADA,Ambato,1
2000421,Diego Cedeño Lopez,M,C,1977-08-20,1251.77,1008.75,T,PROPIA,4,HIPOTECADA,Portoviejo,1
2000422,Paola Lopez Lopez,F,C,1993-04-08,1152.49,845.36,N,HIPOTECADA,0,PROPIA,Quito,1
2000423,Diana Moreira Ponce,F,S,1986-04-07,738.94,672.93,T,ARRENDADA,1,HIPOTECADA,Loja,1
2000424,Maria Moreira Ponce,F,U,1956-05-23,609.88,479.07,S,FAMILIAR,5,PROPIA,Quito,1
2000425,Lucia Cedeño Zambrano,F,D,1960-11-11,1738.23,1636.33,P,FAMILIAR,0,ARRENDADA,Ambato,1
2000426,Miguel Moreira Mendoza,M,U,1977-03-10,1141.95,1000.99,P,PROPIA,5,HIPOTECADA,Loja,1
2000427,Luis Ponce Cedeño,M,D,1958-08-03,1694.41,1384.35,U,FAMILIAR,2,PROPIA,Guayaquil,1
2000428,Paola Lopez Vera,F,S,1993-02-24,1183.68,1050.61,U,ARRENDADA,3,PROPIA,Guayaquil,1
2000429,Jorge Cedeño Cedeño,M,V,1987-01-01,562.66,516.39,N,ARRENDADA,5,HIPOTECADA,Ambato,1
2000430,Camila Mendoza Lopez,F,U,1959-01-07,438.18,404.66,T,ARRENDADA,2,PROPIA,Guayaquil,1
2000431,Oscar Lopez Lopez,M,D,1970-08-03,576.10,458.47,U,FAMILIAR,5,PROPIA,Guayaquil,1
2000432,Mateo Vera Torres,M,C,1971-12-31,1005.44,746.60,T,HIPOTECADA,2,PROPIA,Guayaquil,1
2000433,Ana Mendoza Ponce,F,C,1989-07-05,1301.20,1192.01,T,PROPIA,1,PROPIA,Guayaquil,1
2000434,Miguel Vera Vera,M,V,1992-07-05,649.38,566.21,T,HIPOTECADA,3,ARRENDADA,Portoviejo,1
2000435,Mateo Cedeño Ponce,M,U,2002-05-08,1164.62,1079.61,S,HIPOTECADA,2,ARRENDADA,Manta,1
2000436,Luis Ponce Mendoza,M,U,1970-06-26,578.85,516.04,N,PROPIA,0,ARRENDADA,Loja,1
2000437,Oscar Zambrano Moreira,M,V,1989-08-07,1718.31,1542.71,U,PROPIA,0,ARRENDADA,Portoviejo,1
2000438,Miguel Cedeño Cedeño,M,D,1961-02-03,1556.18,1423.35,N,ARRENDADA,1,ARRENDADA,Guayaquil,1
2000439,Sofia Lopez Zambrano,F,D,2000-06-17,1201.94,1119.98,T,HIPOTECADA,3,HIPOTECADA,Ambato,1
2000440,Maria Lopez Vera,F,V,1984-11-22,1741.84,1571.37,T,HIPOTECADA,0,HIPOTECADA,Loja,1
2000441,Carlos Zambrano Zambrano,M,V,1981-12-21,504.20,328.29,U,ARRENDADA,0,FAMILIAR,Cuenca,1
2000442,Jorge Vera Torres,M,S,1955-07-08,2595.27,2178.40,U,ARRENDADA,2,HIPOTECADA,Quito,1
2000443,Jorge Zambrano Lopez,M,D,1997-10-31,2243.71,1975.63,S,FAMILIAR,4,ARRENDADA,Machala,1
2000444,Mateo Vera Mendoza,M,D,1985-05-13,2137.54,1816.76,P,ARRENDADA,4,FAMILIAR,Portoviejo,1
2000445,Mateo Zambrano Cedeño,M,V,1963-07-13,1496.79,1168.26,P,FAMILIAR,3,HIPOTECADA,Portoviejo,1
2000446,Oscar Lopez Cedeño,M,V,1966-08-16,1088.50,887.43,P,FAMILIAR,2,PROPIA,Manta,1
2000447,Mateo Vera Mendoza,M,S,1988-01-13,1918.59,1685.22,S,HIPOTECADA,0,HIPOTECADA,Manta,1
2000448,Diana Torres Zambrano,F,D,1997-03-11,2049.75,1863.43,P,PROPIA,2,ARRENDADA,Manta,1
2000449,Mateo Vera Mendoza,M,D,2002-06-18,1965.33,1757.22,T,PROPIA,5,HIPOTECADA,Cuenca,1
2000450,Jorge Zambrano Moreira,M,S,1973-08-22,741.58,508.32,P,FAMILIAR,2,FAMILIAR,Ambato,1
2000451,Gabriela Mendoza Torres,F,C,1989-02-25,818.48,593.62,N,HIPOTECADA,0,FAMILIAR,Loja,1
2000452,Ana Mendoza Ponce,F,V,1966-03-25,1745.14,1381.91,P,HIPOTECADA,4,ARRENDADA,Loja,1
2000453,Gabriela Lopez Lopez,F,C,1976-06-01,834.16,655.26,N,HIPOTECADA,5,FAMILIAR,Quito,1
2000454,Paola Vera Mendoza,F,D,1984-10-01,2499.05,2421.80,S,ARRENDADA,5,HIPOTECADA,Cuenca,1
2000455,Andres Vera Cedeño,M,S,1963-01-02,1356.55,1054.83,N,PROPIA,2,PROPIA,Cuenca,1
2000456,Ana Zambrano Mendoza,F,V,1999-10-27,1015.10,924.34,U,PROPIA,1,PROPIA,Quito,1
2000457,Diego Ponce Cedeño,M,C,1996-01-30,2004.26,1750.66,P,HIPOTECADA,1,PROPIA,Guayaquil,1
2000458,Oscar Torres Vera,M,S,1957-08-21,1344.13,941.00,N,HIPOTECADA,2,PROPIA,Guayaquil,1
2000459,Diana Zambrano Cedeño,F,C,1968-02-27,1661.71,1202.96,U,PROPIA,2,FAMILIAR,Machala,1
2000460,Diana Cedeño Moreira,F,C,1997-06-08,827.62,685.14,T,PROPIA,3,PROPIA,Machala,1
2000461,Diana Moreira Cedeño,F,U,1998-06-08,1016.91,994.35,T,HIPOTECADA,1,ARRENDADA,Cuenca,1
2000462,Miguel Zambrano Mendoza,M,C,1976-11-10,584.93,440.00,P,FAMILIAR,3,FAMILIAR,Cuenca,1
2000463,Sofia Cedeño Lopez,F,V,1957-11-09,1351.58,1287.54,S,PROPIA,2,HIPOTECADA,Portoviejo,1
2000464,Diana Cedeño Vera,F,U,1982-02-14,1410.46,1204.72,P,HIPOTECADA,0,PROPIA,Quito,1
2000465,Gabriela Vera Moreira,F,V,1977-04-04,1917.92,1704.53,T,HIPOTECADA,1,PROPIA,Quito,1
2000466,Miguel Mendoza Lopez,M,U,1970-01-15,1498.90,1015.05,S,FAMILIAR,2,HIPOTECADA,Portoviejo,1
2000467,Diego Torres Vera,M,S,1966-10-26,1171.29,977.01,U,FAMILIAR,0,HIPOTECADA,Ambato,1
2000468,Paola Cedeño Ponce,F,S,1977-06-20,929.15,707.71,N,ARRENDADA,0,ARRENDADA,Loja,1
2000469,Luis Cedeño Lopez,M,S,1982-09-23,2504.12,2381.77,S,HIPOTECADA,5,HIPOTECADA,Cuenca,1
2000470,Maria Lopez Cedeño,F,C,1961-12-22,546.82,417.78,T,FAMILIAR,3,FAMILIAR,Machala,1
2000471,Maria Moreira Ponce,F,U,1997-12-04,1331.71,942.02,T,PROPIA,2,FAMILIAR,Loja,1
2000472,Ana Moreira Moreira,F,V,1960-03-24,1962.95,1305.77,S,HIPOTECADA,4,ARRENDADA,Guayaquil,1
2000473,Maria Torres Torres,F,U,1968-06-26,851.31,674.67,N,HIPOTECADA,4,FAMILIAR,Guayaquil,1
2000474,Oscar Torres Lopez,M,C,1990-07-12,2031.14,1322.28,U,PROPIA,5,PROPIA,Guayaquil,1
2000475,Sofia Zambrano Vera,F,V,1969-07-26,604.70,581.24,T,HIPOTECADA,4,PROPIA,Machala,1
2000476,Diana Ponce Torres,F,C,1971-09-12,1870.20,1741.59,N,PROPIA,2,HIPOTECADA,Manta,1
2000477,Andres Lopez Moreira,M,C,1998-07-25,1735.68,1292.54,T,HIPOTECADA,4,PROPIA,Ambato,1
2000478,Mateo Zambrano Mendoza,M,V,1982-08-19,1857.43,1433.68,U,HIPOTECADA,2,FAMILIAR,Quito,1
2000479,Jorge Moreira Zambrano,M,C,1987-09-03,2042.10,1359.59,N,HIPOTECADA,1,HIPOTECADA,Portoviejo,1
2000480,Miguel Lopez Cedeño,M,D,2001-02-01,521.27,327.81,P,FAMILIAR,3,ARRENDADA,Quito,1
2000481,Miguel Torres Mendoza,M,U,1961-06-28,1141.00,798.33,N,PROPIA,0,PROPIA,Quito,1
2000482,Sofia Ponce Moreira,F,C,2002-01-30,2154.90,1562.00,P,PROPIA,2,HIPOTECADA,Ambato,1
2000483,Luis Vera Torres,M,V,1981-11-22,1415.42,967.08,N,FAMILIAR,3,FAMILIAR,Portoviejo,1
2000484,Maria Moreira Mendoza,F,V,1965-01-24,2508.51,1816.37,U,ARRENDADA,1,FAMILIAR,Ambato,1
2000485,Gabriela Cedeño Vera,F,V,2003-07-30,1268.41,1167.87,P,HIPOTECADA,3,HIPOTECADA,Machala,1
2000486,Sofia Cedeño Torres,F,C,1997-01-01,1650.74,1163.81,U,FAMILIAR,1,PROPIA,Portoviejo,1
2000487,Lucia Lopez Moreira,F,S,1962-01-11,1191.85,1134.09,P,FAMILIAR,1,ARRENDADA,Manta,1
2000488,Miguel Lopez Vera,M,V,2001-09-16,688.91,672.47,T,ARRENDADA,3,ARRENDADA,Quito,1
2000489,Diego Mendoza Cedeño,M,S,1991-10-19,1898.49,1453.66,P,PROPIA,5,FAMILIAR,Guayaquil,1
2000490,Carlos Lopez Lopez,M,V,2002-02-24,1981.73,1325.90,U,ARRENDADA,4,FAMILIAR,Cuenca,1
2000491,Lucia Torres Mendoza,F,D,1993-12-07,1723.46,1574.09,U,FAMILIAR,5,HIPOTECADA,Loja,1
2000492,Gabriela Lopez Lopez,F,U,1957-10-26,1601.48,1193.70,T,PROPIA,1,FAMILIAR,Ambato,1
2000493,Gabriela Vera Zambrano,F,C,1977-05-15,1516.47,1257.96,P,HIPOTECADA,0,PROPIA,Ambato,1
2000494,Lucia Vera Lopez,F,C,1994-06-30,651.65,507.80,P,FAMILIAR,0,FAMILIAR,Machala,1
2000495,Andres Cedeño Moreira,M,V,1965-02-02,2167.03,1871.49,S,FAMILIAR,2,HIPOTECADA,Manta,1
2000496,Andres Torres Torres,M,S,2001-02-24,2251.50,1923.07,N,FAMILIAR,3,PROPIA,Cuenca,1
2000497,Camila Zambrano Torres,F,V,1998-01-26,1336.43,933.75,U,FAMILIAR,2,FAMILIAR,Cuenca,1
2000498,Camila Zambrano Vera,F,C,1962-10-27,597.88,566.49,S,HIPOTECADA,3,HIPOTECADA,Portoviejo,1
2000499,Sofia Zambrano Cedeño,F,S,1971-11-28,2145.14,2011.04,N,ARRENDADA,4,HIPOTECADA,Portoviejo,1
